Age Group,Dropout Rate
17-20,0.2128829536527887
21-25,0.35628019323671495
26-30,0.597911227154047
31-35,0.5444444444444444
36-40,0.562874251497006
41-45,0.4642857142857143
46-50,0.5714285714285714
51-55,0.5
56-60,0.5
61-65,0.5
66-70,1.0
